location_id,latitude,longitude,dist_road_m,dist_school_m,flood_risk
1,23.883049037821745,91.23326042214106,38.673701703920415,4082.7342675523596,0.0
2,23.888049037821744,91.23326042214106,89.78013351234947,3534.9554457461763,0.0
3,23.893049037821743,91.23326042214106,64.79743729950552,2989.3897167252217,0.0
4,23.898049037821743,91.23326042214106,2.8146895762424515,2447.5176940070733,0.0
5,23.878049037821746,91.23826042214105,4.74375466235297,4174.850832814445,0.0
6,23.883049037821745,91.23826042214105,210.3975452137862,4182.831849102569,0.0
7,23.888049037821744,91.23826042214105,119.15211606324368,3650.102846657179,0.0
8,23.893049037821743,91.23826042214105,45.38125252837417,3124.702847060442,0.0
9,23.898049037821743,91.23826042214105,46.397777220369726,2611.060070117388,0.0
10,23.81804903782176,91.24326042214105,46.391466486462896,3391.65203873547,0.0
11,23.86304903782175,91.24326042214105,4.046262400444609,3877.9143559801964,0.0
12,23.86804903782175,91.24326042214105,29.32679870033566,3825.6290677140796,0.0
13,23.873049037821747,91.24326042214105,21.81886513953496,3705.324663324644,0.0
14,23.878049037821746,91.24326042214105,56.07503039610808,3665.618185411713,0.0
15,23.883049037821745,91.24326042214105,38.4096992063078,3709.0991310772133,0.0
16,23.888049037821744,91.24326042214105,57.88126514523727,3830.016440327292,0.0
17,23.893049037821743,91.24326042214105,96.01345933775956,3333.09154917681,0.0
18,23.898049037821743,91.24326042214105,86.84119768266416,2857.1525931252163,0.0
19,23.90304903782174,91.24326042214105,6.348262579274482,2414.6411881317026,0.0
20,23.81804903782176,91.24826042214104,36.557929162194625,2959.195475375202,0.0
21,23.823049037821757,91.24826042214104,68.44290568503757,2685.200552125499,0.0
22,23.828049037821756,91.24826042214104,10.668741884566174,2505.4124356180123,0.0
23,23.85804903782175,91.24826042214104,22.048040048261278,3153.1767357872945,0.0
24,23.86304903782175,91.24826042214104,57.511750184883184,3426.7895210451875,0.0
25,23.86804903782175,91.24826042214104,72.77078641006986,3340.8373250767304,0.0
26,23.873049037821747,91.24826042214104,77.10222677847429,3202.3932744129183,0.0
27,23.878049037821746,91.24826042214104,42.18283515834159,3156.3876040565488,0.0
28,23.883049037821745,91.24826042214104,27.75858793965402,3206.801403373252,0.0
29,23.90804903782174,91.24826042214104,71.0255342117244,2444.3724308766805,0.0
30,23.783049037821765,91.25326042214104,2.5571403016970002,2723.687267725084,0.0
31,23.788049037821764,91.25326042214104,38.479767314291294,2871.1034878840414,0.0
32,23.81304903782176,91.25326042214104,23.87433948918933,2923.92875296543,0.0
33,23.81804903782176,91.25326042214104,0.25628532179290886,2555.2755901746546,0.0
34,23.823049037821757,91.25326042214104,58.62572828199222,2232.2603684096794,0.0
35,23.828049037821756,91.25326042214104,18.573292192738755,2012.4272230271768,0.0
36,23.833049037821755,91.25326042214104,4.501534961505556,1931.3377244317226,0.0
37,23.848049037821752,91.25326042214104,81.36231803272648,2268.998831161563,0.0
38,23.85304903782175,91.25326042214104,22.548363592385986,2445.161254530111,0.0
39,23.85804903782175,91.25326042214104,11.20706621099102,2724.4450142521096,0.0
40,23.86304903782175,91.25326042214104,2.5345078653652857,2918.877620875206,0.0
41,23.86804903782175,91.25326042214104,51.65613123857336,2864.5480426469594,0.0
42,23.873049037821747,91.25326042214104,5.645988828921381,2701.8289646653448,0.0
43,23.878049037821746,91.25326042214104,51.582925082706744,2647.159617326172,0.0
44,23.883049037821745,91.25326042214104,18.402921702260148,2707.0942879278555,0.0
45,23.783049037821765,91.25826042214103,17.56899518314802,2223.381972802706,0.0
46,23.788049037821764,91.25826042214103,5.963899142159276,2401.725045310125,0.0
47,23.793049037821763,91.25826042214103,4.610816716060966,2684.4842584239245,0.0
48,23.798049037821762,91.25826042214103,11.796263586237831,3042.6873245341003,0.0
49,23.80304903782176,91.25826042214103,73.00818139336478,3406.4742570140097,0.0
50,23.80804903782176,91.25826042214103,40.75507770797587,3007.748516927893,0.0
51,23.81304903782176,91.25826042214103,6.511537560370023,2576.617000361225,0.0
52,23.81804903782176,91.25826042214103,29.448460542516074,2174.0783702945637,0.0
53,23.823049037821757,91.25826042214103,26.756652763210784,1809.615554622447,0.0
54,23.828049037821756,91.25826042214103,35.5222148470159,1530.2460678674695,0.0
55,23.833049037821755,91.25826042214103,24.29061056918668,1421.942806377173,0.0
56,23.838049037821754,91.25826042214103,0.5522607750735684,1521.681485211547,0.0
57,23.843049037821753,91.25826042214103,18.853649558363674,1711.7052239765328,0.0
58,23.848049037821752,91.25826042214103,25.998697129103455,1774.018292314381,0.0
59,23.85304903782175,91.25826042214103,268.372854302835,1994.4106260721471,0.0
60,23.85804903782175,91.25826042214103,63.812310889479264,2328.4188721482196,0.0
61,23.86304903782175,91.25826042214103,108.37656828856964,2411.5506696058073,0.0
62,23.86804903782175,91.25826042214103,57.72679120259241,2401.8240213660315,0.0
63,23.873049037821747,91.25826042214103,136.86843003487243,2205.2434264165604,0.0
64,23.878049037821746,91.25826042214103,50.82783205436318,2137.935260357976,0.0
65,23.883049037821745,91.25826042214103,58.88264902259748,2211.7336169316254,0.0
66,23.783049037821765,91.26326042214103,43.93426486875425,1728.5235683173023,0.0
67,23.788049037821764,91.26326042214103,35.99294548489485,1952.6194039250286,0.0
68,23.793049037821763,91.26326042214103,4.610813576052876,2291.4987972977196,0.0
69,23.798049037821762,91.26326042214103,6.989179472527306,2702.318905553632,0.0
70,23.80304903782176,91.26326042214103,23.54305704649171,3099.051350702493,0.0
71,23.80804903782176,91.26326042214103,13.390557709693178,2654.5594509356224,0.0
72,23.81304903782176,91.26326042214103,22.4640141107704,2258.886605925452,0.0
73,23.81804903782176,91.26326042214103,14.151169671634255,1826.2948096260798,0.0
74,23.823049037821757,91.26326042214103,39.4112901924566,1427.0219519378093,0.0
75,23.828049037821756,91.26326042214103,6.665768200289955,1073.525539083915,0.0
76,23.833049037821755,91.26326042214103,20.87320873274469,912.5632730072938,0.0
77,23.838049037821754,91.26326042214103,4.037536149955585,1061.32459435549,0.0
78,23.843049037821753,91.26326042214103,16.674563388387302,1203.1444669747991,0.0
79,23.848049037821752,91.26326042214103,50.91429347886019,1290.2787114156554,0.0
80,23.85304903782175,91.26326042214103,51.38131222338826,1579.6857467551604,0.0
81,23.85804903782175,91.26326042214103,44.41115730313395,1918.0270939441182,0.0
82,23.86304903782175,91.26326042214103,41.41309729226218,1905.2750796131515,0.0
83,23.86804903782175,91.26326042214103,80.76598879071378,1962.2843744153035,0.0
84,23.873049037821747,91.26326042214103,22.585546670741248,1716.0931330277087,0.0
85,23.878049037821746,91.26326042214103,124.34900628814326,1628.716866712469,0.0
86,23.883049037821745,91.26326042214103,32.88644891475959,1724.46805649478,0.0
87,23.783049037821765,91.26826042214103,28.95180297687945,1245.61945771078,0.0
88,23.788049037821764,91.26826042214103,10.915900728325303,1541.6062343434496,0.0
89,23.793049037821763,91.26826042214103,1.4514603060375575,1953.1630162583433,0.0
90,23.798049037821762,91.26826042214103,13.880524964028577,2422.0769866818587,0.0
91,23.80304903782176,91.26826042214103,3.2769373562749307,2827.5478371688355,0.0
92,23.80804903782176,91.26826042214103,47.59619925616685,2359.224411676474,0.0
93,23.81304903782176,91.26826042214103,32.69851270627202,1903.1247231431503,0.0
94,23.81804903782176,91.26826042214103,24.72278488395428,1513.6524035917184,0.0
95,23.823049037821757,91.26826042214103,6.518340771424461,1078.991716655818,0.0
96,23.828049037821756,91.26826042214103,2.5182130478697924,691.8221476636027,0.0
97,23.833049037821755,91.26826042214103,21.81748547800724,403.2531172061915,0.0
98,23.838049037821754,91.26826042214103,10.400860881227915,616.4457190230831,0.0
99,23.843049037821753,91.26826042214103,7.726698745984327,695.7642769442066,0.0
100,23.848049037821752,91.26826042214103,1.7974577291456046,837.4884916038642,0.0
101,23.85304903782175,91.26826042214103,69.06450651736432,1237.7439246910812,0.0
102,23.85804903782175,91.26826042214103,87.20722524494995,1418.4580527882883,0.0
103,23.86304903782175,91.26826042214103,71.76731187011842,1401.1897006529944,0.0
104,23.86804903782175,91.26826042214103,25.57894755276395,1565.5784940980352,0.0
105,23.873049037821747,91.26826042214103,2.937448186977365,1243.1844160218782,0.0
106,23.783049037821765,91.27326042214102,49.77220940335959,796.7096363333609,0.0
107,23.788049037821764,91.27326042214102,16.190986454376603,1208.2058827958163,0.0
108,23.793049037821763,91.27326042214102,39.665438649186214,1702.3775582039902,0.0
109,23.798049037821762,91.27326042214102,30.378198641657704,2224.799107402215,0.0
110,23.80304903782176,91.27326042214102,47.565897515466986,2502.0908132454447,0.0
111,23.80804903782176,91.27326042214102,3.953884672615479,2075.2615986077867,0.0
112,23.81304903782176,91.27326042214102,64.67361802077849,1631.0409428251678,0.0
113,23.81804903782176,91.27326042214102,22.162955674670386,1153.0803322312902,0.0
114,23.823049037821757,91.27326042214102,20.161922529090504,782.4383252783581,0.0
115,23.828049037821756,91.27326042214102,22.393237441184407,354.26009877803125,0.0
116,23.833049037821755,91.27326042214102,28.37105202837818,106.96694817973867,0.0
117,23.838049037821754,91.27326042214102,21.709011859929557,111.84825223025001,0.0
118,23.843049037821753,91.27326042214102,12.621609016090153,198.8096347136691,0.0
119,23.848049037821752,91.27326042214102,5.9407989581751055,506.7947298669496,0.0
120,23.85304903782175,91.27326042214102,47.81122572575675,1042.8226958663358,0.0
121,23.85804903782175,91.27326042214102,0.1426695868804801,929.5149137017872,0.0
122,23.86304903782175,91.27326042214102,47.53745177861194,902.9681667903071,0.0
123,23.86804903782175,91.27326042214102,33.28935580997673,1174.7459169494775,0.0
124,23.873049037821747,91.27326042214102,11.770692579314211,815.2856303126841,0.0
125,23.783049037821765,91.27826042214102,15.831718126418172,487.16064965026976,0.0
126,23.788049037821764,91.27826042214102,42.03448153715161,1030.7056301624375,0.0
127,23.793049037821763,91.27826042214102,6.930130395167734,1581.3582849122224,0.0
128,23.798049037821762,91.27826042214102,152.00905289669976,2133.6228400954437,0.0
129,23.80304903782176,91.27826042214102,5.314119612270205,2246.117444798415,0.0
130,23.80804903782176,91.27826042214102,25.353743517362794,1758.2226040695155,0.0
131,23.81304903782176,91.27826042214102,18.14340248881034,1323.2385985893907,0.0
132,23.81804903782176,91.27826042214102,6.9658004319095275,941.86908584168,0.0
133,23.823049037821757,91.27826042214102,4.209681731142325,412.0089867151659,0.0
134,23.828049037821756,91.27826042214102,21.62479758580737,256.3220748179898,0.0
135,23.833049037821755,91.27826042214102,2.4192105336590437,468.1003077625776,0.0
136,23.838049037821754,91.27826042214102,20.14961181573952,404.9211615980369,0.0
137,23.843049037821753,91.27826042214102,5.11009633753593,337.43915232257876,0.0
138,23.848049037821752,91.27826042214102,0.06875655809501861,575.4802126941098,0.0
139,23.85304903782175,91.27826042214102,41.83536820253731,946.9378442681441,0.0
140,23.85804903782175,91.27826042214102,23.009740588133695,484.5086797247494,0.0
141,23.86304903782175,91.27826042214102,68.50805143436023,431.42377567249946,0.0
142,23.86804903782175,91.27826042214102,79.99619314850129,866.5020838876426,0.0
143,23.873049037821747,91.27826042214102,43.125380490566116,550.0197181395547,0.0
144,23.793049037821763,91.28326042214101,35.423207291240665,1619.461745145405,0.0
145,23.798049037821762,91.28326042214101,2.497295344556969,2162.012846483141,0.0
146,23.80304903782176,91.28326042214101,54.78238493695029,2085.372565253065,0.0
147,23.80804903782176,91.28326042214101,100.34054950183935,1547.6152195633567,0.0
148,23.81304903782176,91.28326042214101,38.723707690838204,1027.013225930919,0.0
149,23.81804903782176,91.28326042214101,108.18760107775383,572.4594042649368,0.0
150,23.823049037821757,91.28326042214101,14.752692449797687,462.57411981454305,0.0
151,23.828049037821756,91.28326042214101,36.75583746163446,377.2122601393629,0.0
152,23.833049037821755,91.28326042214101,18.557157058239195,807.1873013531429,0.0
153,23.838049037821754,91.28326042214101,15.09148820643878,350.90552397585657,0.0
154,23.843049037821753,91.28326042214101,4.043112455581088,121.33814426694703,0.0
155,23.848049037821752,91.28326042214101,1.9518640656901352,468.4314128573191,0.0
156,23.85304903782175,91.28326042214101,12.678757643500232,886.6841506249842,0.0
157,23.85804903782175,91.28326042214101,22.94682970276837,352.5221465248211,0.0
158,23.86304903782175,91.28326042214101,8.791816852420972,275.052773073173,0.0
159,23.86804903782175,91.28326042214101,2.5024011954626384,793.528353359933,0.0
160,23.793049037821763,91.28826042214101,0.858569377504431,1806.6468586065812,0.0
161,23.798049037821762,91.28826042214101,99.23146499215363,2305.5556829643683,0.0
162,23.80304903782176,91.28826042214101,40.03576657205943,2042.4643156750365,0.0
163,23.80804903782176,91.28826042214101,27.655522045717387,1489.2970465741655,0.0
164,23.81304903782176,91.28826042214101,8.06802895119268,936.8344167188554,0.0
165,23.81804903782176,91.28826042214101,13.622296229618549,388.0988452541056,0.0
166,23.823049037821757,91.28826042214101,16.18799714764657,192.07498490572152,0.0
167,23.828049037821756,91.28826042214101,26.080143133753715,732.4453029973757,0.0
168,23.833049037821755,91.28826042214101,14.435192392857724,798.5404086484932,0.0
169,23.838049037821754,91.28826042214101,1.502912575174315,311.6201821754288,0.0
170,23.843049037821753,91.28826042214101,21.000802601905367,412.14212803827974,0.0
171,23.848049037821752,91.28826042214101,32.34864577540089,628.583459383306,0.0
172,23.85304903782175,91.28826042214101,47.74075387007647,1092.938836479771,0.0
173,23.85804903782175,91.28826042214101,4.96097628886404,729.7699330066707,0.0
174,23.86304903782175,91.28826042214101,39.36929982842303,415.7928176842314,0.0
175,23.80804903782176,91.293260422141,2.6310081843486057,1600.0068051916537,0.0
176,23.81304903782176,91.293260422141,19.03422771208684,1104.3842806521643,0.0
177,23.81804903782176,91.293260422141,30.23050249556743,701.8654522088266,0.0
178,23.823049037821757,91.293260422141,26.83094589129506,615.5276896703264,0.0
179,23.828049037821756,91.293260422141,11.141499472513528,937.2531408138025,0.0
180,23.833049037821755,91.293260422141,43.456234307470666,1063.290592738213,0.0
181,23.838049037821754,91.293260422141,8.920331902062456,768.120766044829,0.0
182,23.843049037821753,91.293260422141,28.087438444658044,814.0911696648496,0.0
183,23.848049037821752,91.293260422141,46.511313240295614,1042.1919278272842,0.0
184,23.85304903782175,91.293260422141,11.011237755293513,1380.9607120941996,0.0
185,23.85804903782175,91.293260422141,9.61250995676219,920.9247118898993,0.0
186,23.86304903782175,91.293260422141,29.191068072518505,418.7390306512959,0.0
187,23.86804903782175,91.293260422141,0.07520290013115093,340.4367383093045,0.0
188,23.873049037821747,91.293260422141,4.742940518628845,818.3934610138589,0.0
189,23.81304903782176,91.298260422141,6.191379155521368,1442.487608321571,0.0
190,23.81804903782176,91.298260422141,15.806408054992236,1163.4816529478483,0.0
191,23.823049037821757,91.298260422141,15.125445488710437,1113.5151623168563,0.0
192,23.828049037821756,91.298260422141,5.722628993273365,1318.8824889590637,0.0
193,23.833049037821755,91.298260422141,39.30608973308705,1463.7122026754757,0.0
194,23.838049037821754,91.298260422141,29.392052991799854,1265.637546347214,0.0
195,23.843049037821753,91.298260422141,11.633256686033713,1294.0379949810906,0.0
196,23.848049037821752,91.298260422141,2.210894354133591,1515.2826728408902,0.0
197,23.85304903782175,91.298260422141,12.737589681763554,1629.5381039435974,0.0
198,23.85804903782175,91.298260422141,38.6264368210959,1170.1724959141043,0.0
199,23.86304903782175,91.298260422141,20.91597126217139,834.5808349630979,0.0
200,23.86804903782175,91.298260422141,1.5839958560659655,798.1604305923343,0.0
201,23.873049037821747,91.298260422141,5.587754572812711,1091.288009711498,0.0
202,23.81304903782176,91.303260422141,11.8375990466267,1860.3690247843263,0.0
203,23.81804903782176,91.303260422141,27.979004780748756,1653.4329883189266,0.0
204,23.823049037821757,91.303260422141,22.166973351647204,1618.6458667662766,0.0
205,23.828049037821756,91.303260422141,6.493249932502613,1766.2093402767084,0.0
206,23.833049037821755,91.303260422141,10.981941809727669,1916.5758455198245,0.0
207,23.838049037821754,91.303260422141,15.701711506652352,1769.9125416789889,0.0
208,23.843049037821753,91.303260422141,0.2955296559067865,1790.3148992865454,0.0
209,23.848049037821752,91.303260422141,96.27531234805366,1972.6061980280683,0.0
210,23.85304903782175,91.303260422141,24.893637449797325,1922.3354375581612,0.0
211,23.85804903782175,91.303260422141,6.934133008737489,1552.1744861757822,0.0
212,23.86304903782175,91.303260422141,3.001628699636593,1317.7361856694956,0.0
213,23.86804903782175,91.303260422141,13.801839385109105,1294.9609006788926,0.0
214,23.873049037821747,91.303260422141,40.04683967586531,1493.563528914535,0.0
215,23.81304903782176,91.30826042214099,21.68087167179774,2315.225362309224,0.0
216,23.81804903782176,91.30826042214099,8.296432119315208,2152.455573984678,0.0
217,23.823049037821757,91.30826042214099,62.367368271495415,2125.8330667286477,0.0
218,23.828049037821756,91.30826042214099,18.213788081737402,2240.217245554646,0.0
219,23.833049037821755,91.30826042214099,33.89527131081666,2392.281793561652,0.0
220,23.838049037821754,91.30826042214099,6.533440199696012,2276.458246503943,0.0
221,23.843049037821753,91.30826042214099,57.70187388810075,2292.3394968401517,0.0
222,23.848049037821752,91.30826042214099,36.82748643833716,2437.352658680771,0.0
223,23.85304903782175,91.30826042214099,113.60434797633252,2292.1845046207823,0.0
224,23.85804903782175,91.30826042214099,69.15781913659124,1991.9650695232099,0.0
225,23.86304903782175,91.30826042214099,71.46428929867503,1815.2271064938695,0.0
226,23.86804903782175,91.30826042214099,17.458133890524252,1798.74533346552,0.0
227,23.873049037821747,91.30826042214099,34.72317703293937,1946.5949654645572,0.0
228,23.81804903782176,91.31326042214098,5.679273709985232,2655.4395563494727,0.0
229,23.823049037821757,91.31326042214098,5.770927757070538,2633.8883805460678,0.0
230,23.828049037821756,91.31326042214098,28.916359146718502,2727.027918541324,0.0
231,23.833049037821755,91.31326042214098,24.03770029073864,2879.5308066733246,0.0
232,23.843049037821753,91.31326042214098,5.9076049850444585,2797.0180109234893,0.0
233,23.848049037821752,91.31326042214098,110.42105980352613,2917.0322753584446,0.0
234,23.85304903782175,91.31326042214098,50.991686716798796,2707.6927203691544,0.0
235,23.85804903782175,91.31326042214098,122.8174708213993,2458.7268876542616,0.0
236,23.86304903782175,91.31326042214098,31.30217645410115,2317.8404129066803,0.0
237,23.86804903782175,91.31326042214098,3.7225273108777306,2304.9381390120348,0.0
238,23.81304903782176,91.31826042214098,12.185033183823002,3273.5493922891183,0.0
239,23.81804903782176,91.31826042214098,27.667900267319112,3160.4936331534013,0.0
240,23.823049037821757,91.31826042214098,19.232691380290674,3142.39023723666,0.0
241,23.828049037821756,91.31826042214098,19.054874399105493,3220.8408774788845,0.0
242,23.833049037821755,91.31826042214098,88.37410757105057,3373.3241875637527,0.0
243,23.838049037821754,91.31826042214098,4.011484639405258,3292.1651502140708,0.0
244,23.843049037821753,91.31826042214098,12.907644463582425,3303.133699340547,0.0
245,23.848049037821752,91.31826042214098,51.15042201827769,3405.3398940628963,0.0
246,23.85304903782175,91.31826042214098,269.84933636297967,3150.8475638849295,0.0
247,23.81304903782176,91.32326042214098,71.78291684431598,3764.6620686752767,0.0
248,23.81804903782176,91.32326042214098,18.502107448589346,3666.762053091657,0.0
249,23.823049037821757,91.32326042214098,4.857945659508704,3651.1516109760964,0.0
250,23.828049037821756,91.32326042214098,43.739436771955575,3718.86730460341,0.0
251,23.843049037821753,91.32326042214098,11.545380921069164,3810.1134460074327,0.0
252,23.848049037821752,91.32326042214098,118.25400688123678,3865.5669834689975,0.0
253,23.85304903782175,91.32326042214098,79.7141268964254,3611.485562311061,0.0
254,23.81804903782176,91.32826042214097,42.810365642843806,4173.802552731325,0.0
255,23.823049037821757,91.32826042214097,78.27379691611858,4048.3612440286083,0.0
256,23.843049037821753,91.32826042214097,78.37831627900279,3776.7567301458434,0.0
257,23.848049037821752,91.32826042214097,133.92467148955686,3907.14255283492,0.0
258,23.843049037821753,91.33326042214097,56.09578782920104,3275.585605198202,0.0
259,23.848049037821752,91.33326042214097,26.659857693103252,3425.122786736467,0.0
260,23.843049037821753,91.33826042214096,70.2290816022111,2777.3977515123815,0.0
261,23.848049037821752,91.33826042214096,106.40284345389873,2952.296889489128,0.0
262,23.85304903782175,91.33826042214096,11.052689983218048,3211.080056870018,0.0
